"SoftwareName","SoftwareStatuses","Workstations","UserNames"
"FasterXML jackson-databind 2.3.6","installed|uninstalled","W4145|W3785|W4108|W4080|W4106|W3869|W4148|W3674|W4104|W4105|W2555|W2557|W2575|L2430|W3860|W2233|W4092|W2570|L2178|W2572|W3865|W2560|L2592|W2579|W4091|W2525|W2288|W4101|W3864","SYSTEM"
"MiniShare 1.4.1","uninstalled","W2411","SYSTEM"
"Zoho ManageEngine ADSelfService Plus 5.4 build 4799","installed","REBE|RHACHEL","SYSTEM"
"ExifTool 8.32","installed","L2565","SYSTEM"
"IBM API Connect 5.0.8.0","uninstalled","L2565","SYSTEM"
"Rhymix CMS 1.9.8.1","installed","SQLJUMP","SYSTEM"
"ARC 5.21q","uninstalled","SQLJUMP","SYSTEM"
"Artifex Ghostscript 9.25","installed","SQLJUMP","SYSTEM"
"Poppler 0.72.0","installed","W2577","SYSTEM"
"YUNUCMS V1.1.8","installed","W4108","SYSTEM"
